{
  "sample_sizes": [
    5,
    10,
    20,
    50,
    90
  ],
  "vars_flat_mcmc": [
    0.005163241859219033,
    0.004807600715826198,
    0.0028769350413990497,
    0.001147432786144833,
    0.0007722504888399741
  ],
  "vars_llm_mcmc": [
    0.0021721991449363902,
    0.001836774297847056,
    0.001407563488785719,
    0.0008091787849395367,
    0.000607032411835023
  ],
  "nstar_flat": 19.17831857068562,
  "nstar_llm": 5.0,
  "rho": 0.2607110723274033,
  "target_var": 0.0029677461740295038,
  "coverage_flat_n50": 0.975609756097561,
  "coverage_llm_n50": 0.975609756097561,
  "failure_mode_shifts": [
    -2,
    -1,
    0,
    1,
    2
  ],
  "failure_mode_coverages": [
    0.975609756097561,
    0.975609756097561,
    0.975609756097561,
    0.8292682926829268,
    0.975609756097561
  ],
  "llm_prior_weight": 20.0,
  "llm_prior_mean": 0.298846,
  "llm_prior_std": 0.23099852441952956,
  "data_mean": 0.36058394160583945,
  "data_std": 0.22926546122983918,
  "n_total": 137,
  "n_train": 96,
  "n_test": 41
}