{
  "model": "gpt-3.5-turbo",
  "game_type": "giving",
  "sample_sizes": [
    5,
    10,
    20,
    50,
    90
  ],
  "vars_flat_mcmc": [
    0.005163241859219033,
    0.004807600715826198,
    0.0028769350413990497,
    0.001147432786144833,
    0.0007722504888399741
  ],
  "vars_llm_mcmc": [
    0.0021172273439897557,
    0.002325296858176079,
    0.0018138828280826037,
    0.0009568316047054175,
    0.0006821025531319702
  ],
  "nstar_flat": 19.17831857068562,
  "nstar_llm": 5.0,
  "rho": 0.2607110723274033,
  "target_var": 0.0029677461740295038,
  "coverage_flat_n50": 0.975609756097561,
  "coverage_llm_n50": 0.8292682926829268,
  "llm_prior_weight": 20.0,
  "llm_prior_mean": 0.5476392785571144,
  "llm_prior_std": 0.25173996934259324,
  "data_mean": 0.36058394160583945,
  "data_std": 0.22926546122983918
}