{
  "game_type": "taking",
  "sample_sizes": [
    5,
    10,
    20,
    35,
    45
  ],
  "vars_flat_mcmc": [
    0.00973303838835471,
    0.005163750298025535,
    0.00289030537074858,
    0.0018566563158088677,
    0.0014755852707575377
  ],
  "vars_llm_mcmc": [
    0.003243024363783192,
    0.002830636107781129,
    0.002107126696536956,
    0.0013604222885809862,
    0.0012065883824321072
  ],
  "nstar_flat": 9.143602696173636,
  "nstar_llm": 5.0,
  "rho": 0.5468304087722854,
  "target_var": 0.005604311829556124,
  "coverage_flat_per_n": {
    "5": 1.0,
    "10": 1.0,
    "20": 1.0,
    "35": 0.75,
    "45": 1.0
  },
  "coverage_llm_per_n": {
    "5": 0.75,
    "10": 0.75,
    "20": 1.0,
    "35": 0.75,
    "45": 1.0
  },
  "llm_prior_weight": 20.0,
  "llm_prior_mean": 0.5202164328657314,
  "llm_prior_std": 0.28358007788214656,
  "data_mean": 0.34288235294117647,
  "data_std": 0.23885982410387532,
  "n_total": 68,
  "n_train": 48,
  "n_test": 20
}