{
  "n": 50,
  "delta_grid": [
    -3.0,
    -2.75,
    -2.5,
    -2.25,
    -2.0,
    -1.75,
    -1.5,
    -1.25,
    -1.0,
    -0.75,
    -0.5,
    -0.25,
    0.0,
    0.25,
    0.5,
    0.75,
    1.0,
    1.25,
    1.5,
    1.75,
    2.0,
    2.25,
    2.5,
    2.75,
    3.0
  ],
  "pseudo_means": [
    0.006874301018415973,
    0.011329373321859017,
    0.017865523831067,
    0.02744061089031475,
    0.04021273779023521,
    0.05644377467974697,
    0.07682288534828226,
    0.10144690010408695,
    0.1311548145204197,
    0.16595223705244497,
    0.2059365341601303,
    0.2502827929027233,
    0.298846,
    0.3564851333182531,
    0.41380527106324755,
    0.4707429110216128,
    0.5272125657357827,
    0.5826607477481914,
    0.636451954845468,
    0.6884932740868603,
    0.7373315741457066,
    0.7833774767573956,
    0.8257463956004697,
    0.8643344192097573,
    0.8989394590504298
  ],
  "coverages": [
    0.975609756097561,
    0.975609756097561,
    0.975609756097561,
    0.975609756097561,
    0.975609756097561,
    0.975609756097561,
    0.975609756097561,
    0.975609756097561,
    0.975609756097561,
    0.975609756097561,
    0.975609756097561,
    0.975609756097561,
    0.975609756097561,
    0.8292682926829268,
    0.8292682926829268,
    0.8292682926829268,
    0.8292682926829268,
    0.8292682926829268,
    0.8292682926829268,
    0.975609756097561,
    0.975609756097561,
    0.975609756097561,
    0.975609756097561,
    0.975609756097561,
    1.0
  ],
  "llm_prior_weight": 20.0,
  "pseudo_std": 0.23099852441952956,
  "model": "gpt-4o"
}